datetime,signal,entry_price,stop_loss,take_profit
2025-03-16 11:55:00,strong_buy,82367.8,80720.444,86486.19
2025-03-16 12:00:00,strong_buy,82581.4,80929.772,86710.47
2025-03-16 12:05:00,strong_buy,82610.8,80958.584,86741.34000000001
2025-03-16 12:10:00,strong_buy,82589.3,80937.514,86718.76500000001
2025-03-16 12:15:00,strong_buy,82436.6,80787.868,86558.43000000001
2025-03-16 12:20:00,strong_buy,82603.8,80951.724,86733.99
2025-03-16 12:25:00,strong_buy,82835.5,81178.79,86977.27500000001
2025-03-16 12:30:00,strong_buy,82773.3,81117.834,86911.96500000001
2025-03-16 12:35:00,strong_buy,82624.2,80971.716,86755.41
2025-03-16 12:40:00,strong_buy,82599.9,80947.90199999999,86729.895
2025-03-16 12:45:00,strong_buy,82682.5,81028.84999999999,86816.625
2025-03-16 12:50:00,strong_buy,82589.9,80938.102,86719.395
2025-03-16 12:55:00,strong_buy,82714.2,81059.916,86849.91
2025-03-16 13:00:00,strong_buy,82900.0,81242.0,87045.0
2025-03-16 13:05:00,strong_buy,83043.9,81383.022,87196.095
2025-03-16 13:10:00,strong_buy,82971.7,81312.26599999999,87120.285
2025-03-16 13:15:00,strong_buy,82849.9,81192.90199999999,86992.395
2025-03-16 13:20:00,strong_buy,82795.5,81139.59,86935.27500000001
2025-03-16 13:25:00,strong_buy,82919.2,81260.81599999999,87065.16
2025-03-16 13:30:00,strong_buy,83007.3,81347.154,87157.66500000001
2025-03-16 13:35:00,strong_buy,82925.0,81266.5,87071.25
2025-03-16 13:40:00,strong_buy,82687.6,81033.848,86821.98000000001
2025-03-16 13:45:00,strong_buy,82557.9,80906.742,86685.795
2025-03-16 13:50:00,strong_buy,82507.2,80857.056,86632.56
2025-03-16 13:55:00,strong_sell,82566.0,80914.68,86694.3
2025-03-16 14:00:00,strong_sell,82853.5,81196.43,86996.175
2025-03-16 14:05:00,strong_buy,82754.9,81099.802,86892.645
2025-03-16 14:10:00,strong_buy,82657.5,81004.34999999999,86790.375
2025-03-16 14:15:00,strong_buy,82739.9,81085.102,86876.895
2025-03-16 14:20:00,strong_buy,82818.9,81162.522,86959.845
2025-03-16 14:25:00,strong_buy,82846.0,81189.08,86988.3
2025-03-16 14:30:00,strong_buy,82745.7,81090.786,86882.985
2025-03-16 14:35:00,strong_buy,82843.2,81186.336,86985.36
2025-03-16 14:40:00,strong_buy,82893.2,81235.336,87037.86
2025-03-16 14:45:00,strong_buy,82954.7,81295.606,87102.435
2025-03-16 14:50:00,strong_buy,83024.4,81363.912,87175.62
2025-03-16 14:55:00,strong_buy,83322.5,81656.05,87488.625
2025-03-16 15:00:00,strong_buy,83314.2,81647.916,87479.91
2025-03-16 15:05:00,strong_buy,83269.2,81603.81599999999,87432.66
2025-03-16 15:10:00,strong_buy,83244.8,81579.904,87407.04000000001
2025-03-16 15:15:00,strong_buy,83129.2,81466.616,87285.66
2025-03-16 15:20:00,strong_buy,83080.1,81418.498,87234.10500000001
2025-03-16 15:25:00,strong_buy,83070.1,81408.698,87223.60500000001
2025-03-16 15:30:00,strong_buy,83224.8,81560.304,87386.04000000001
2025-03-16 15:35:00,strong_buy,83145.0,81482.09999999999,87302.25
2025-03-16 15:40:00,strong_buy,83224.1,81559.618,87385.30500000001
2025-03-16 15:45:00,strong_buy,83290.0,81624.2,87454.5
2025-03-16 15:50:00,strong_buy,83362.6,81695.348,87530.73000000001
2025-03-16 15:55:00,strong_buy,83280.0,81614.4,87444.0
2025-03-16 16:00:00,strong_buy,83395.4,81727.492,87565.17
2025-03-16 16:05:00,strong_buy,84559.9,82868.70199999999,88787.895
2025-03-16 16:10:00,strong_buy,84122.2,82439.756,88328.31
2025-03-16 16:15:00,strong_buy,84249.1,82564.118,88461.55500000001
2025-03-16 16:20:00,strong_buy,84336.8,82650.064,88553.64000000001
2025-03-16 16:25:00,strong_buy,84303.1,82617.038,88518.255
2025-03-16 16:30:00,strong_buy,83800.9,82124.882,87990.94499999999
2025-03-16 16:35:00,strong_buy,84031.3,82350.674,88232.865
2025-03-16 16:40:00,strong_buy,84020.0,82339.59999999999,88221.0
2025-03-16 16:45:00,strong_buy,83891.6,82213.76800000001,88086.18000000001
2025-03-16 16:50:00,strong_buy,83624.9,81952.40199999999,87806.145
2025-03-16 16:55:00,strong_sell,83594.8,81922.904,87774.54000000001
2025-03-16 17:00:00,strong_sell,83886.9,82209.162,88081.245
2025-03-16 17:05:00,strong_sell,83936.9,82258.162,88133.745
2025-03-16 17:10:00,strong_sell,83784.0,82108.31999999999,87973.2
2025-03-16 17:15:00,strong_sell,83840.1,82163.29800000001,88032.10500000001
2025-03-16 17:20:00,strong_sell,83737.6,82062.848,87924.48000000001
2025-03-16 17:25:00,strong_sell,83556.2,81885.076,87734.01
2025-03-16 17:30:00,strong_sell,83571.9,81900.462,87750.495
2025-03-16 17:35:00,strong_sell,83735.8,82061.084,87922.59000000001
2025-03-16 17:40:00,strong_sell,83640.2,81967.396,87822.21
2025-03-16 17:45:00,strong_sell,83647.8,81974.844,87830.19
2025-03-16 17:50:00,strong_sell,83814.4,82138.112,88005.12
2025-03-16 17:55:00,strong_sell,83874.2,82196.716,88067.91
2025-03-16 18:00:00,strong_sell,83805.1,82128.998,87995.35500000001
2025-03-16 18:05:00,strong_sell,83848.3,82171.334,88040.71500000001
2025-03-16 18:10:00,strong_sell,83874.3,82196.814,88068.01500000001
2025-03-16 18:15:00,strong_sell,83950.6,82271.588,88148.13
2025-03-16 18:20:00,strong_sell,83923.6,82245.128,88119.78000000001
2025-03-16 18:25:00,strong_buy,83984.5,82304.81,88183.725
2025-03-16 18:30:00,strong_buy,83858.9,82181.722,88051.845
2025-03-16 18:35:00,strong_sell,83781.0,82105.38,87970.05
2025-03-16 18:40:00,strong_sell,83872.2,82194.756,88065.81
2025-03-16 18:45:00,strong_sell,83695.4,82021.492,87880.17
2025-03-16 18:50:00,strong_sell,83650.0,81977.0,87832.5
2025-03-16 18:55:00,strong_sell,83660.9,81987.68199999999,87843.94499999999
2025-03-16 19:00:00,strong_sell,83615.1,81942.79800000001,87795.85500000001
2025-03-16 19:05:00,strong_sell,83502.4,81832.352,87677.52
2025-03-16 19:10:00,strong_sell,83172.4,81508.95199999999,87331.02
2025-03-16 19:15:00,strong_buy,82900.0,81242.0,87045.0
2025-03-16 19:20:00,strong_buy,83060.0,81398.8,87213.0
2025-03-16 19:25:00,strong_buy,83160.0,81496.8,87318.0
2025-03-16 19:30:00,strong_sell,82945.1,81286.198,87092.35500000001
2025-03-16 19:35:00,strong_buy,83066.8,81405.464,87220.14000000001
2025-03-16 19:40:00,strong_sell,83113.7,81451.42599999999,87269.385
2025-03-16 19:45:00,strong_sell,83033.3,81372.634,87184.96500000001
2025-03-16 19:50:00,strong_sell,83160.7,81497.48599999999,87318.735
2025-03-16 19:55:00,strong_sell,83057.1,81395.958,87209.95500000002
2025-03-16 20:00:00,strong_sell,83140.1,81477.29800000001,87297.10500000001
2025-03-16 20:05:00,strong_sell,83232.3,81567.654,87393.91500000001
2025-03-16 20:10:00,strong_buy,83276.7,81611.166,87440.535
2025-03-16 20:15:00,strong_buy,83234.8,81570.104,87396.54000000001
2025-03-16 20:20:00,strong_buy,83212.1,81547.85800000001,87372.70500000002
2025-03-16 20:25:00,strong_buy,83031.5,81370.87,87183.075
2025-03-16 20:30:00,strong_buy,83043.7,81382.826,87195.885
2025-03-16 20:35:00,strong_buy,83029.8,81369.204,87181.29000000001
2025-03-16 20:40:00,strong_buy,83060.0,81398.8,87213.0
2025-03-16 20:45:00,strong_buy,82988.1,81328.338,87137.505
2025-03-16 20:50:00,strong_buy,83048.2,81387.23599999999,87200.61
2025-03-16 20:55:00,strong_buy,83179.9,81516.302,87338.895
2025-03-16 21:00:00,strong_buy,83004.0,81343.92,87154.2
2025-03-16 21:05:00,strong_buy,83039.0,81378.22,87190.95
2025-03-16 21:10:00,strong_buy,82925.8,81267.284,87072.09000000001
2025-03-16 21:15:00,strong_buy,82879.0,81221.42,87022.95
2025-03-16 21:20:00,strong_buy,82827.2,81170.656,86968.56
2025-03-16 21:25:00,strong_sell,82923.1,81264.638,87069.255
2025-03-16 21:30:00,strong_sell,82750.2,81095.196,86887.71
2025-03-16 21:35:00,strong_sell,82808.1,81151.93800000001,86948.505
2025-03-16 21:40:00,strong_sell,82835.6,81178.888,86977.38
2025-03-16 21:45:00,strong_sell,82650.1,80997.098,86782.60500000001
2025-03-16 21:50:00,strong_buy,82781.4,81125.772,86920.47
2025-03-16 21:55:00,strong_sell,82728.9,81074.32199999999,86865.345
2025-03-16 22:00:00,strong_sell,82664.0,81010.72,86797.2
2025-03-16 22:05:00,strong_sell,82356.4,80709.272,86474.22
2025-03-16 22:10:00,strong_buy,82529.8,80879.204,86656.29000000001
2025-03-16 22:15:00,strong_sell,82392.1,80744.258,86511.70500000002
2025-03-16 22:20:00,strong_buy,82288.2,80642.436,86402.61
2025-03-16 22:25:00,strong_buy,82415.6,80767.288,86536.38
2025-03-16 22:30:00,strong_sell,82361.0,80713.78,86479.05
2025-03-16 22:35:00,strong_sell,82316.4,80670.07199999999,86432.22
2025-03-16 22:40:00,strong_buy,82388.4,80740.632,86507.81999999999
2025-03-16 22:45:00,strong_sell,82312.5,80666.25,86428.125
2025-03-16 22:50:00,strong_sell,82158.6,80515.428,86266.53000000001
2025-03-16 22:55:00,strong_buy,82053.4,80412.332,86156.06999999999
2025-03-16 23:00:00,strong_buy,82047.2,80406.256,86149.56
2025-03-16 23:05:00,strong_buy,82028.1,80387.538,86129.505
2025-03-16 23:10:00,strong_buy,82180.0,80536.4,86289.0
2025-03-16 23:15:00,strong_sell,82358.2,80711.036,86476.11
2025-03-16 23:20:00,strong_buy,82250.1,80605.098,86362.60500000001
2025-03-16 23:25:00,strong_buy,82396.7,80748.76599999999,86516.535
2025-03-16 23:30:00,strong_buy,82501.1,80851.07800000001,86626.15500000001
2025-03-16 23:35:00,strong_buy,82474.0,80824.52,86597.7
2025-03-16 23:40:00,strong_buy,82576.3,80924.774,86705.115
2025-03-16 23:45:00,strong_buy,82555.5,80904.39,86683.27500000001
2025-03-16 23:50:00,strong_buy,82568.7,80917.326,86697.135
2025-03-16 23:55:00,strong_buy,82541.5,80890.67,86668.575
2025-03-17 00:00:00,strong_buy,82597.6,80945.648,86727.48000000001
2025-03-17 00:05:00,strong_buy,82691.2,81037.37599999999,86825.76
2025-03-17 00:10:00,strong_buy,82707.7,81053.546,86843.085
2025-03-17 00:15:00,strong_buy,82765.9,81110.582,86904.19499999999
2025-03-17 00:20:00,strong_buy,82792.0,81136.16,86931.6
2025-03-17 00:25:00,strong_buy,82850.1,81193.098,86992.60500000001
2025-03-17 00:30:00,strong_buy,82868.8,81211.424,87012.24
2025-03-17 00:35:00,strong_buy,82771.3,81115.874,86909.865
2025-03-17 00:40:00,strong_buy,82911.0,81252.78,87056.55
2025-03-17 00:45:00,strong_buy,82960.0,81300.8,87108.0
2025-03-17 00:50:00,strong_buy,83014.6,81354.308,87165.33000000002
2025-03-17 00:55:00,strong_buy,83020.0,81359.59999999999,87171.0
2025-03-17 01:00:00,strong_buy,83139.7,81476.906,87296.685
2025-03-17 01:05:00,strong_buy,82975.2,81315.696,87123.96
2025-03-17 01:10:00,strong_buy,82839.9,81183.102,86981.895
2025-03-17 01:15:00,strong_buy,82840.0,81183.2,86982.0
2025-03-17 01:20:00,strong_buy,82980.5,81320.89,87129.52500000001
2025-03-17 01:25:00,strong_buy,82919.2,81260.81599999999,87065.16
2025-03-17 01:30:00,strong_sell,83062.1,81400.85800000001,87215.20500000002
2025-03-17 01:35:00,strong_buy,83099.9,81437.90199999999,87254.895
2025-03-17 01:40:00,strong_buy,83147.9,81484.942,87305.295
2025-03-17 01:45:00,strong_buy,83251.3,81586.274,87413.865
2025-03-17 01:50:00,strong_buy,83249.9,81584.90199999999,87412.395
2025-03-17 01:55:00,strong_buy,83199.7,81535.70599999999,87359.685
2025-03-17 02:00:00,strong_buy,83143.0,81480.14,87300.15000000001
2025-03-17 02:05:00,strong_buy,83123.0,81460.54,87279.15000000001
2025-03-17 02:10:00,strong_buy,83002.0,81341.95999999999,87152.1
2025-03-17 02:15:00,strong_sell,83100.0,81438.0,87255.0
2025-03-17 02:20:00,strong_sell,83149.9,81486.90199999999,87307.395
2025-03-17 02:25:00,strong_sell,83212.7,81548.446,87373.335
2025-03-17 02:30:00,strong_sell,83189.5,81525.70999999999,87348.975
2025-03-17 02:35:00,strong_sell,83221.9,81557.462,87382.995
2025-03-17 02:40:00,strong_sell,83285.6,81619.888,87449.88
2025-03-17 02:45:00,strong_sell,83109.4,81447.212,87264.87
2025-03-17 02:50:00,strong_sell,83133.2,81470.536,87289.86
2025-03-17 02:55:00,strong_sell,83180.3,81516.694,87339.315
2025-03-17 03:00:00,strong_sell,83355.0,81687.9,87522.75
2025-03-17 03:05:00,strong_sell,83424.8,81756.304,87596.04000000001
2025-03-17 03:10:00,strong_buy,83462.5,81793.25,87635.625
2025-03-17 03:15:00,strong_buy,83464.0,81794.72,87637.2
2025-03-17 03:20:00,strong_buy,83497.4,81827.45199999999,87672.27
2025-03-17 03:25:00,strong_buy,83440.8,81771.984,87612.84000000001
2025-03-17 03:30:00,strong_buy,83430.6,81761.988,87602.13
2025-03-17 03:35:00,strong_buy,83466.0,81796.68,87639.3
2025-03-17 03:40:00,strong_buy,83449.9,81780.90199999999,87622.395
2025-03-17 03:45:00,strong_buy,83509.4,81839.212,87684.87
2025-03-17 03:50:00,strong_buy,83609.6,81937.40800000001,87790.08000000002
2025-03-17 03:55:00,strong_buy,83641.0,81968.18,87823.05
2025-03-17 04:00:00,strong_buy,83802.0,82125.95999999999,87992.1
2025-03-17 04:05:00,strong_buy,83717.0,82042.66,87902.85
2025-03-17 04:10:00,strong_buy,83714.2,82039.916,87899.91
2025-03-17 04:15:00,strong_buy,83710.8,82036.584,87896.34000000001
2025-03-17 04:20:00,strong_buy,83646.3,81973.374,87828.615
2025-03-17 04:25:00,strong_buy,83685.1,82011.398,87869.35500000001
2025-03-17 04:30:00,strong_buy,83720.0,82045.59999999999,87906.0
2025-03-17 04:35:00,strong_sell,83601.1,81929.07800000001,87781.15500000001
2025-03-17 04:40:00,strong_sell,83600.6,81928.588,87780.63
2025-03-17 04:45:00,strong_sell,83514.5,81844.20999999999,87690.225
2025-03-17 04:50:00,strong_sell,83524.5,81854.01,87700.725
2025-03-17 04:55:00,strong_sell,83587.5,81915.75,87766.875
2025-03-17 05:00:00,strong_sell,83410.0,81741.8,87580.5
2025-03-17 05:05:00,strong_sell,83440.0,81771.2,87612.0
2025-03-17 05:10:00,strong_sell,83277.4,81611.852,87441.27
2025-03-17 05:15:00,strong_sell,83299.9,81633.90199999999,87464.895
2025-03-17 05:20:00,strong_sell,83280.1,81614.498,87444.10500000001
2025-03-17 05:25:00,strong_sell,83275.9,81610.382,87439.69499999999
2025-03-17 05:30:00,strong_sell,83248.1,81583.138,87410.505
2025-03-17 05:35:00,strong_sell,83214.3,81550.014,87375.01500000001
2025-03-17 05:40:00,strong_sell,83225.5,81560.99,87386.77500000001
2025-03-17 05:45:00,strong_sell,83181.0,81517.38,87340.05
2025-03-17 05:50:00,strong_buy,83160.0,81496.8,87318.0
2025-03-17 05:55:00,strong_buy,83090.0,81428.2,87244.5
2025-03-17 06:00:00,strong_buy,83210.0,81545.8,87370.5
2025-03-17 06:05:00,strong_sell,83250.1,81585.098,87412.60500000001
2025-03-17 06:10:00,strong_sell,83209.9,81545.70199999999,87370.395
2025-03-17 06:15:00,strong_sell,83185.9,81522.18199999999,87345.19499999999
2025-03-17 06:20:00,strong_sell,83030.0,81369.4,87181.5
2025-03-17 06:25:00,strong_buy,82868.6,81211.228,87012.03000000001
2025-03-17 06:30:00,strong_buy,82690.2,81036.396,86824.71
2025-03-17 06:35:00,strong_buy,82919.2,81260.81599999999,87065.16
2025-03-17 06:40:00,strong_sell,83040.0,81379.2,87192.0
2025-03-17 06:45:00,strong_sell,83060.1,81398.898,87213.10500000001
2025-03-17 06:50:00,strong_sell,83238.7,81573.92599999999,87400.635
2025-03-17 06:55:00,strong_buy,83170.0,81506.59999999999,87328.5
2025-03-17 07:00:00,strong_buy,83315.6,81649.288,87481.38
2025-03-17 07:05:00,strong_buy,83296.2,81630.276,87461.01
2025-03-17 07:10:00,strong_buy,83301.9,81635.862,87466.995
2025-03-17 07:15:00,strong_buy,83240.8,81575.984,87402.84000000001
2025-03-17 07:20:00,strong_buy,83249.2,81584.216,87411.66
2025-03-17 07:25:00,strong_buy,83344.2,81677.31599999999,87511.41
2025-03-17 07:30:00,strong_buy,83335.0,81668.3,87501.75
2025-03-17 07:35:00,strong_buy,83314.5,81648.20999999999,87480.225
2025-03-17 07:40:00,strong_buy,83378.6,81711.028,87547.53000000001
2025-03-17 07:45:00,strong_buy,83507.9,81837.742,87683.295
2025-03-17 07:50:00,strong_buy,83534.9,81864.20199999999,87711.645
2025-03-17 07:55:00,strong_buy,83518.2,81847.836,87694.11
2025-03-17 08:00:00,strong_buy,83450.5,81781.49,87623.02500000001
2025-03-17 08:05:00,strong_buy,83425.7,81757.186,87596.985
2025-03-17 08:10:00,strong_buy,83357.3,81690.154,87525.16500000001
2025-03-17 08:15:00,strong_buy,83232.1,81567.458,87393.70500000002
2025-03-17 08:20:00,strong_buy,83456.3,81787.174,87629.115
2025-03-17 08:25:00,strong_buy,83500.0,81830.0,87675.0
2025-03-17 08:30:00,strong_buy,83445.0,81776.09999999999,87617.25
2025-03-17 08:35:00,strong_buy,83460.1,81790.898,87633.10500000001
2025-03-17 08:40:00,strong_buy,83515.8,81845.484,87691.59000000001
2025-03-17 08:45:00,strong_buy,83533.7,81863.026,87710.385
2025-03-17 08:50:00,strong_buy,83540.0,81869.2,87717.0
2025-03-17 08:55:00,strong_buy,83500.8,81830.784,87675.84000000001
2025-03-17 09:00:00,strong_buy,83445.8,81776.884,87618.09000000001
2025-03-17 09:05:00,strong_buy,83414.5,81746.20999999999,87585.225
2025-03-17 09:10:00,strong_sell,83515.0,81844.7,87690.75
2025-03-17 09:15:00,strong_sell,83587.0,81915.26,87766.35
2025-03-17 09:20:00,strong_buy,83645.1,81972.198,87827.35500000001
2025-03-17 09:25:00,strong_buy,83714.9,82040.602,87900.645
2025-03-17 09:30:00,strong_buy,83690.9,82017.082,87875.44499999999
2025-03-17 09:35:00,strong_buy,83607.0,81934.86,87787.35
2025-03-17 09:40:00,strong_buy,83564.3,81893.014,87742.51500000001
2025-03-17 09:45:00,strong_buy,83660.3,81987.094,87843.315
2025-03-17 09:50:00,strong_buy,83615.8,81943.484,87796.59000000001
2025-03-17 09:55:00,strong_buy,83620.1,81947.698,87801.10500000001
2025-03-17 10:00:00,strong_sell,83513.3,81843.034,87688.96500000001
2025-03-17 10:05:00,strong_sell,83462.3,81793.054,87635.41500000001
2025-03-17 10:10:00,strong_sell,83358.4,81691.23199999999,87526.31999999999
2025-03-17 10:15:00,strong_sell,83368.6,81701.228,87537.03000000001
2025-03-17 10:20:00,strong_sell,83460.8,81791.584,87633.84000000001
2025-03-17 10:25:00,strong_sell,83433.6,81764.928,87605.28000000001
2025-03-17 10:30:00,strong_sell,83319.9,81653.502,87485.895
2025-03-17 10:35:00,strong_sell,83299.9,81633.90199999999,87464.895
2025-03-17 10:40:00,strong_sell,83358.5,81691.33,87526.425
2025-03-17 10:45:00,strong_sell,83352.8,81685.744,87520.44
2025-03-17 10:50:00,strong_sell,83233.0,81568.34,87394.65000000001
2025-03-17 10:55:00,strong_sell,83310.1,81643.898,87475.60500000001
2025-03-17 11:00:00,strong_sell,83242.8,81577.944,87404.94
2025-03-17 11:05:00,strong_sell,83256.8,81591.664,87419.64000000001
2025-03-17 11:10:00,strong_sell,83368.1,81700.738,87536.505
2025-03-17 11:15:00,strong_sell,83465.0,81795.7,87638.25
2025-03-17 11:20:00,strong_sell,83542.7,81871.84599999999,87719.835
2025-03-17 11:25:00,strong_buy,83501.9,81831.862,87676.995
2025-03-17 11:30:00,strong_buy,83579.0,81907.42,87757.95
2025-03-17 11:35:00,strong_buy,83650.9,81977.882,87833.44499999999
2025-03-17 11:40:00,strong_buy,83522.1,81851.65800000001,87698.20500000002
2025-03-17 11:45:00,strong_buy,83527.4,81856.852,87703.77
2025-03-17 11:50:00,strong_buy,83523.9,81853.42199999999,87700.095
2025-03-17 11:55:00,strong_buy,83472.0,81802.56,87645.6
2025-03-17 12:00:00,strong_buy,83385.1,81717.398,87554.35500000001
2025-03-17 12:05:00,strong_buy,83399.8,81731.804,87569.79000000001
2025-03-17 12:10:00,strong_sell,83311.5,81645.27,87477.075
2025-03-17 12:15:00,strong_sell,83162.5,81499.25,87320.625
2025-03-17 12:20:00,strong_sell,83177.9,81514.34199999999,87336.795
2025-03-17 12:25:00,strong_sell,83152.9,81489.84199999999,87310.545
2025-03-17 12:30:00,strong_sell,83566.3,81894.974,87744.615
2025-03-17 12:35:00,strong_sell,83299.9,81633.90199999999,87464.895
2025-03-17 12:40:00,strong_sell,83292.2,81626.356,87456.81
2025-03-17 12:45:00,strong_sell,83162.9,81499.64199999999,87321.045
2025-03-17 12:50:00,strong_sell,83045.8,81384.884,87198.09000000001
2025-03-17 12:55:00,strong_sell,83009.0,81348.81999999999,87159.45
2025-03-17 13:00:00,strong_sell,82846.4,81189.472,86988.72
2025-03-17 13:05:00,strong_buy,83080.0,81418.4,87234.0
2025-03-17 13:10:00,strong_sell,83109.9,81447.70199999999,87265.395
2025-03-17 13:15:00,strong_sell,83111.1,81448.878,87266.65500000001
2025-03-17 13:20:00,strong_sell,83002.6,81342.54800000001,87152.73000000001
2025-03-17 13:25:00,strong_sell,82895.8,81237.884,87040.59000000001
2025-03-17 13:30:00,strong_sell,83122.0,81459.56,87278.1
2025-03-17 13:35:00,strong_sell,83646.7,81973.76599999999,87829.035
2025-03-17 13:40:00,strong_buy,83374.6,81707.10800000001,87543.33000000002
2025-03-17 13:45:00,strong_buy,82964.7,81305.406,87112.935
2025-03-17 13:50:00,strong_buy,83118.9,81456.522,87274.845
2025-03-17 13:55:00,strong_buy,82987.0,81327.26,87136.35
2025-03-17 14:00:00,strong_buy,82790.9,81135.082,86930.44499999999
2025-03-17 14:05:00,strong_sell,82700.0,81046.0,86835.0
2025-03-17 14:10:00,strong_sell,82770.0,81114.59999999999,86908.5
2025-03-17 14:15:00,strong_sell,82651.2,80998.17599999999,86783.76
2025-03-17 14:20:00,strong_sell,82733.9,81079.222,86870.595
2025-03-17 14:25:00,strong_sell,82727.9,81073.34199999999,86864.295
2025-03-17 14:30:00,strong_sell,82887.2,81229.45599999999,87031.56
2025-03-17 14:35:00,strong_sell,83126.1,81463.57800000001,87282.40500000001
2025-03-17 14:40:00,strong_buy,83139.4,81476.612,87296.37
2025-03-17 14:45:00,strong_buy,83215.6,81551.288,87376.38
2025-03-17 14:50:00,strong_buy,82992.4,81332.552,87142.02
2025-03-17 14:55:00,strong_buy,82862.9,81205.64199999999,87006.045
2025-03-17 15:00:00,strong_buy,82733.1,81078.43800000001,86869.755
2025-03-17 15:05:00,strong_buy,83062.6,81401.348,87215.73000000001
2025-03-17 15:10:00,strong_buy,83183.9,81520.222,87343.095
2025-03-17 15:15:00,strong_buy,83367.4,81700.052,87535.77
2025-03-17 15:20:00,strong_buy,83480.2,81810.59599999999,87654.21
2025-03-17 15:25:00,strong_buy,83303.6,81637.528,87468.78000000001
2025-03-17 15:30:00,strong_buy,83170.1,81506.698,87328.60500000001
2025-03-17 15:35:00,strong_buy,83322.9,81656.442,87489.045
2025-03-17 15:40:00,strong_buy,83329.7,81663.106,87496.185
2025-03-17 15:45:00,strong_buy,83418.6,81750.228,87589.53000000001
2025-03-17 15:50:00,strong_buy,83560.6,81889.388,87738.63
2025-03-17 15:55:00,strong_buy,83499.0,81829.02,87673.95
2025-03-17 16:00:00,strong_buy,83549.1,81878.118,87726.55500000001
2025-03-17 16:05:00,strong_buy,83780.0,82104.4,87969.0
2025-03-17 16:10:00,strong_buy,83693.0,82019.14,87877.65000000001
2025-03-17 16:15:00,strong_buy,83699.9,82025.90199999999,87884.895
2025-03-17 16:20:00,strong_buy,83548.5,81877.53,87725.925
2025-03-17 16:25:00,strong_buy,83585.0,81913.3,87764.25
2025-03-17 16:30:00,strong_buy,83427.1,81758.558,87598.45500000002
2025-03-17 16:35:00,strong_buy,83350.1,81683.098,87517.60500000001
2025-03-17 16:40:00,strong_sell,83205.3,81541.194,87365.565
2025-03-17 16:45:00,strong_sell,83268.3,81602.93400000001,87431.71500000001
2025-03-17 16:50:00,strong_sell,83366.0,81698.68,87534.3
2025-03-17 16:55:00,strong_sell,83416.2,81747.87599999999,87587.01
2025-03-17 17:00:00,strong_sell,83500.0,81830.0,87675.0
2025-03-17 17:05:00,strong_sell,83695.7,82021.786,87880.485
2025-03-17 17:10:00,strong_sell,83728.3,82053.734,87914.71500000001
2025-03-17 17:15:00,strong_buy,83787.3,82111.554,87976.66500000001
2025-03-17 17:20:00,strong_buy,83899.9,82221.90199999999,88094.895
2025-03-17 17:25:00,strong_buy,83891.7,82213.866,88086.285
2025-03-17 17:30:00,strong_buy,84159.9,82476.70199999999,88367.895
2025-03-17 17:35:00,strong_buy,84149.9,82466.90199999999,88357.395
2025-03-17 17:40:00,strong_buy,84211.1,82526.878,88421.65500000001
2025-03-17 17:45:00,strong_buy,84246.3,82561.374,88458.615
2025-03-17 17:50:00,strong_buy,84284.9,82599.20199999999,88499.145
2025-03-17 17:55:00,strong_buy,84164.5,82481.20999999999,88372.725
2025-03-17 18:00:00,strong_buy,84219.2,82534.81599999999,88430.16
2025-03-17 18:05:00,strong_buy,84092.1,82410.258,88296.70500000002
2025-03-17 18:10:00,strong_buy,84075.9,82394.382,88279.69499999999
2025-03-17 18:15:00,strong_buy,84142.2,82459.356,88349.31
2025-03-17 18:20:00,strong_sell,84071.7,82390.26599999999,88275.285
2025-03-17 18:25:00,strong_sell,84087.0,82405.26,88291.35
2025-03-17 18:30:00,strong_sell,84204.0,82519.92,88414.2
2025-03-17 18:35:00,strong_sell,84322.4,82635.95199999999,88538.52
2025-03-17 18:40:00,strong_sell,84419.6,82731.208,88640.58000000002
2025-03-17 18:45:00,strong_buy,84507.7,82817.546,88733.085
2025-03-17 18:50:00,strong_buy,84458.6,82769.428,88681.53000000001
2025-03-17 18:55:00,strong_buy,84462.0,82772.76,88685.1
2025-03-17 19:00:00,strong_buy,84427.1,82738.558,88648.45500000002
2025-03-17 19:05:00,strong_buy,84447.5,82758.55,88669.875
2025-03-17 19:10:00,strong_buy,84436.7,82747.966,88658.535
2025-03-17 19:15:00,strong_sell,84304.6,82618.508,88519.83000000002
2025-03-17 19:20:00,strong_sell,84409.2,82721.01599999999,88629.66
2025-03-17 19:25:00,strong_sell,84369.9,82682.502,88588.395
2025-03-17 19:30:00,strong_sell,84408.9,82720.722,88629.345
2025-03-17 19:35:00,strong_sell,84438.5,82749.73,88660.425
2025-03-17 19:40:00,strong_sell,84524.9,82834.40199999999,88751.145
2025-03-17 19:45:00,strong_sell,84604.4,82912.31199999999,88834.62
2025-03-17 19:50:00,strong_sell,84527.9,82837.34199999999,88754.295
2025-03-17 19:55:00,strong_sell,84431.4,82742.772,88652.97
2025-03-17 20:00:00,strong_sell,84214.3,82530.014,88425.01500000001
2025-03-17 20:05:00,strong_sell,84245.1,82560.198,88457.35500000001
2025-03-17 20:10:00,strong_sell,84233.2,82548.536,88444.86
2025-03-17 20:15:00,strong_sell,84200.1,82516.098,88410.10500000001
2025-03-17 20:20:00,strong_sell,84067.3,82385.954,88270.66500000001
2025-03-17 20:25:00,strong_sell,84090.2,82408.396,88294.71
2025-03-17 20:30:00,strong_sell,83980.0,82300.4,88179.0
2025-03-17 20:35:00,strong_sell,83872.1,82194.65800000001,88065.70500000002
2025-03-17 20:40:00,strong_buy,83994.0,82314.12,88193.7
2025-03-17 20:45:00,strong_sell,84100.1,82418.098,88305.10500000001
2025-03-17 20:50:00,strong_sell,84013.5,82333.23,88214.175
2025-03-17 20:55:00,strong_sell,83923.5,82245.03,88119.675
2025-03-17 21:00:00,strong_sell,83973.4,82293.93199999999,88172.06999999999
2025-03-17 21:05:00,strong_sell,83997.9,82317.942,88197.795
2025-03-17 21:10:00,strong_sell,84005.0,82324.9,88205.25
2025-03-17 21:15:00,strong_sell,84051.2,82370.17599999999,88253.76
2025-03-17 21:20:00,strong_sell,84034.1,82353.418,88235.80500000001
2025-03-17 21:25:00,strong_sell,83925.0,82246.5,88121.25
2025-03-17 21:30:00,strong_sell,83895.5,82217.59,88090.27500000001
2025-03-17 21:35:00,strong_sell,83902.8,82224.744,88097.94
2025-03-17 21:40:00,strong_sell,83943.4,82264.53199999999,88140.56999999999
2025-03-17 21:45:00,strong_sell,84101.7,82419.666,88306.785
2025-03-17 21:50:00,strong_buy,84167.7,82484.34599999999,88376.085
2025-03-17 21:55:00,strong_buy,84033.3,82352.634,88234.96500000001
2025-03-17 22:00:00,strong_buy,83969.6,82290.208,88168.08000000002
2025-03-17 22:05:00,strong_buy,84071.0,82389.58,88274.55
2025-03-17 22:10:00,strong_buy,84059.9,82378.70199999999,88262.895
2025-03-17 22:15:00,strong_buy,84104.3,82422.214,88309.51500000001
2025-03-17 22:20:00,strong_buy,84109.8,82427.604,88315.29000000001
2025-03-17 22:25:00,strong_buy,84150.1,82467.098,88357.60500000001
2025-03-17 22:30:00,strong_buy,84207.1,82522.958,88417.45500000002
2025-03-17 22:35:00,strong_buy,84124.8,82442.304,88331.04000000001
2025-03-17 22:40:00,strong_buy,84093.8,82411.924,88298.49
2025-03-17 22:45:00,strong_buy,84052.5,82371.45,88255.125
2025-03-17 22:50:00,strong_buy,84096.6,82414.668,88301.43000000001
2025-03-17 22:55:00,strong_buy,84011.8,82331.564,88212.39000000001
2025-03-17 23:00:00,strong_buy,83947.2,82268.256,88144.56
2025-03-17 23:05:00,strong_sell,83997.8,82317.844,88197.69
2025-03-17 23:10:00,strong_sell,83925.8,82247.284,88122.09000000001
2025-03-17 23:15:00,strong_sell,83934.1,82255.418,88130.80500000001
2025-03-17 23:20:00,strong_sell,83921.0,82242.58,88117.05
2025-03-17 23:25:00,strong_sell,83800.1,82124.098,87990.10500000001
2025-03-17 23:30:00,strong_sell,83820.8,82144.384,88011.84000000001
2025-03-17 23:35:00,strong_sell,83920.4,82241.992,88116.42
2025-03-17 23:40:00,strong_sell,84062.6,82381.348,88265.73000000001
2025-03-17 23:45:00,strong_sell,84057.7,82376.546,88260.585
2025-03-17 23:50:00,strong_buy,84011.5,82331.27,88212.075
2025-03-17 23:55:00,strong_buy,83962.9,82283.64199999999,88161.045
2025-03-18 00:00:00,strong_buy,83890.0,82212.2,88084.5
2025-03-18 00:05:00,strong_buy,83898.4,82220.43199999999,88093.31999999999
2025-03-18 00:10:00,strong_sell,83837.9,82161.14199999999,88029.795
2025-03-18 00:15:00,strong_sell,83875.6,82198.088,88069.38
2025-03-18 00:20:00,strong_sell,83833.7,82157.026,88025.385
2025-03-18 00:25:00,strong_sell,83711.9,82037.662,87897.495
2025-03-18 00:30:00,strong_buy,83750.2,82075.196,87937.71
2025-03-18 00:35:00,strong_sell,83785.0,82109.3,87974.25
2025-03-18 00:40:00,strong_sell,83709.3,82035.114,87894.76500000001
2025-03-18 00:45:00,strong_sell,83714.9,82040.602,87900.645
2025-03-18 00:50:00,strong_sell,83729.9,82055.302,87916.395
2025-03-18 00:55:00,strong_sell,83752.6,82077.54800000001,87940.23000000001
2025-03-18 01:00:00,strong_sell,83825.2,82148.696,88016.46
2025-03-18 01:05:00,strong_sell,83689.0,82015.22,87873.45
2025-03-18 01:10:00,strong_sell,83567.0,81895.66,87745.35
2025-03-18 01:15:00,strong_buy,83315.9,81649.582,87481.69499999999
2025-03-18 01:20:00,strong_buy,83175.2,81511.696,87333.96
2025-03-18 01:25:00,strong_buy,83320.0,81653.59999999999,87486.0
2025-03-18 01:30:00,strong_buy,83075.7,81414.186,87229.485
2025-03-18 01:35:00,strong_buy,83140.0,81477.2,87297.0
2025-03-18 01:40:00,strong_buy,83013.2,81352.936,87163.86
2025-03-18 01:45:00,strong_buy,83060.1,81398.898,87213.10500000001
2025-03-18 01:50:00,strong_buy,83064.8,81403.504,87218.04000000001
2025-03-18 01:55:00,strong_buy,83127.2,81464.656,87283.56
2025-03-18 02:00:00,strong_buy,83212.0,81547.76,87372.6
2025-03-18 02:05:00,strong_sell,83248.8,81583.82400000001,87411.24
2025-03-18 02:10:00,strong_sell,83319.9,81653.502,87485.895
2025-03-18 02:15:00,strong_buy,83330.1,81663.498,87496.60500000001
2025-03-18 02:20:00,strong_buy,83277.4,81611.852,87441.27
2025-03-18 02:25:00,strong_buy,83407.8,81739.644,87578.19
2025-03-18 02:30:00,strong_buy,83492.3,81822.454,87666.91500000001
2025-03-18 02:35:00,strong_buy,83322.7,81656.246,87488.835
2025-03-18 02:40:00,strong_buy,83431.3,81762.674,87602.865
2025-03-18 02:45:00,strong_buy,83341.9,81675.06199999999,87508.995
2025-03-18 02:50:00,strong_buy,83403.6,81735.528,87573.78000000001
2025-03-18 02:55:00,strong_buy,83322.0,81655.56,87488.1
2025-03-18 03:00:00,strong_buy,83239.1,81574.318,87401.05500000001
2025-03-18 03:05:00,strong_buy,83157.3,81494.154,87315.16500000001
2025-03-18 03:10:00,strong_buy,83189.9,81526.102,87349.395
2025-03-18 03:15:00,strong_buy,83207.6,81543.448,87367.98000000001
2025-03-18 03:20:00,strong_buy,83240.4,81575.59199999999,87402.42
2025-03-18 03:25:00,strong_buy,83048.4,81387.43199999999,87200.81999999999
2025-03-18 03:30:00,strong_sell,82998.4,81338.43199999999,87148.31999999999
2025-03-18 03:35:00,strong_sell,83019.8,81359.404,87170.79000000001
2025-03-18 03:40:00,strong_sell,83120.8,81458.384,87276.84000000001
2025-03-18 03:45:00,strong_sell,83113.1,81450.838,87268.755
2025-03-18 03:50:00,strong_sell,83096.2,81434.276,87251.01
2025-03-18 03:55:00,strong_sell,83110.4,81448.192,87265.92
2025-03-18 04:00:00,strong_buy,83174.1,81510.618,87332.80500000001
2025-03-18 04:05:00,strong_buy,83119.9,81457.502,87275.895
2025-03-18 04:10:00,strong_buy,83163.5,81500.23,87321.675
2025-03-18 04:15:00,strong_buy,83090.0,81428.2,87244.5
2025-03-18 04:20:00,strong_buy,83111.0,81448.78,87266.55
2025-03-18 04:25:00,strong_buy,83134.1,81471.418,87290.80500000001
2025-03-18 04:30:00,strong_buy,83050.0,81389.0,87202.5
2025-03-18 04:35:00,strong_buy,83016.4,81356.07199999999,87167.22
2025-03-18 04:40:00,strong_buy,82940.1,81281.29800000001,87087.10500000001
2025-03-18 04:45:00,strong_sell,82890.0,81232.2,87034.5
2025-03-18 04:50:00,strong_buy,82937.9,81279.14199999999,87084.795
2025-03-18 04:55:00,strong_sell,82958.4,81299.23199999999,87106.31999999999
2025-03-18 05:00:00,strong_sell,83047.1,81386.15800000001,87199.45500000002
2025-03-18 05:05:00,strong_buy,83010.0,81349.8,87160.5
2025-03-18 05:10:00,strong_buy,82970.7,81311.286,87119.235
2025-03-18 05:15:00,strong_buy,82920.4,81261.992,87066.42
2025-03-18 05:20:00,strong_buy,82923.0,81264.54,87069.15000000001
2025-03-18 05:25:00,strong_buy,82976.1,81316.57800000001,87124.90500000001
2025-03-18 05:30:00,strong_buy,82926.0,81267.48,87072.3
2025-03-18 05:35:00,strong_buy,83010.0,81349.8,87160.5
2025-03-18 05:40:00,strong_buy,83055.0,81393.9,87207.75
2025-03-18 05:45:00,strong_buy,82989.9,81330.102,87139.395
2025-03-18 05:50:00,strong_buy,82921.0,81262.58,87067.05
2025-03-18 05:55:00,strong_buy,82983.8,81324.124,87132.99
2025-03-18 06:00:00,strong_buy,82940.0,81281.2,87087.0
2025-03-18 06:05:00,strong_buy,82786.6,81130.868,86925.93000000001
2025-03-18 06:10:00,strong_sell,82744.2,81089.31599999999,86881.41
2025-03-18 06:15:00,strong_buy,82700.0,81046.0,86835.0
2025-03-18 06:20:00,strong_buy,82709.6,81055.40800000001,86845.08000000002
2025-03-18 06:25:00,strong_buy,82658.7,81005.526,86791.635
2025-03-18 06:30:00,strong_buy,82634.5,80981.81,86766.225
2025-03-18 06:35:00,strong_buy,82494.1,80844.21800000001,86618.80500000001
2025-03-18 06:40:00,strong_buy,82294.5,80648.61,86409.225
2025-03-18 06:45:00,strong_buy,82384.5,80736.81,86503.725
2025-03-18 06:50:00,strong_buy,82390.1,80742.29800000001,86509.60500000001
2025-03-18 06:55:00,strong_buy,82407.0,80758.86,86527.35
2025-03-18 07:00:00,strong_buy,82821.6,81165.168,86962.68000000001
2025-03-18 07:05:00,strong_sell,83049.3,81388.314,87201.76500000001
2025-03-18 07:10:00,strong_buy,82899.9,81241.90199999999,87044.895
2025-03-18 07:15:00,strong_buy,82828.4,81171.832,86969.81999999999
2025-03-18 07:20:00,strong_buy,83010.0,81349.8,87160.5
2025-03-18 07:25:00,strong_buy,83099.4,81437.412,87254.37
2025-03-18 07:30:00,strong_buy,83050.1,81389.098,87202.60500000001
2025-03-18 07:35:00,strong_buy,82986.8,81327.064,87136.14000000001
2025-03-18 07:40:00,strong_buy,83068.1,81406.738,87221.505
2025-03-18 07:45:00,strong_buy,83050.1,81389.098,87202.60500000001
2025-03-18 07:50:00,strong_buy,83100.0,81438.0,87255.0
2025-03-18 07:55:00,strong_buy,83126.4,81463.87199999999,87282.72
2025-03-18 08:00:00,strong_buy,83269.2,81603.81599999999,87432.66
2025-03-18 08:05:00,strong_buy,83125.0,81462.5,87281.25
2025-03-18 08:10:00,strong_buy,83060.9,81399.68199999999,87213.94499999999
2025-03-18 08:15:00,strong_buy,83051.2,81390.17599999999,87203.76
2025-03-18 08:20:00,strong_buy,83151.4,81488.37199999999,87308.97
2025-03-18 08:25:00,strong_buy,83195.1,81531.198,87354.85500000001
2025-03-18 08:30:00,strong_buy,83336.6,81669.868,87503.43000000001
2025-03-18 08:35:00,strong_buy,83305.0,81638.9,87470.25
2025-03-18 08:40:00,strong_buy,83246.5,81581.56999999999,87408.825
2025-03-18 08:45:00,strong_buy,83314.3,81648.014,87480.01500000001
2025-03-18 08:50:00,strong_buy,83237.5,81572.75,87399.375
2025-03-18 08:55:00,strong_buy,83247.5,81582.55,87409.875
2025-03-18 09:00:00,strong_buy,83242.7,81577.84599999999,87404.835
2025-03-18 09:05:00,strong_buy,83256.7,81591.56599999999,87419.535
2025-03-18 09:10:00,strong_sell,83213.2,81548.936,87373.86
2025-03-18 09:15:00,strong_sell,83066.4,81405.07199999999,87219.72
2025-03-18 09:20:00,strong_sell,83119.1,81456.71800000001,87275.05500000001
2025-03-18 09:25:00,strong_sell,83077.4,81415.852,87231.27
2025-03-18 09:30:00,strong_sell,83115.6,81453.288,87271.38
2025-03-18 09:35:00,strong_sell,83150.0,81487.0,87307.5
2025-03-18 09:40:00,strong_sell,83107.1,81444.958,87262.45500000002
2025-03-18 09:45:00,strong_sell,83038.2,81377.436,87190.11
2025-03-18 09:50:00,strong_sell,82900.0,81242.0,87045.0
2025-03-18 09:55:00,strong_sell,82813.0,81156.74,86953.65000000001
2025-03-18 10:00:00,strong_sell,82910.2,81251.996,87055.71
2025-03-18 10:05:00,strong_sell,82756.2,81101.076,86894.01
2025-03-18 10:10:00,strong_sell,82729.8,81075.204,86866.29000000001
2025-03-18 10:15:00,strong_buy,82592.3,80940.454,86721.91500000001
2025-03-18 10:20:00,strong_buy,82690.3,81036.494,86824.815
2025-03-18 10:25:00,strong_sell,82723.5,81069.03,86859.675
2025-03-18 10:30:00,strong_sell,82603.6,80951.528,86733.78000000001
2025-03-18 10:35:00,strong_buy,82786.5,81130.77,86925.825
2025-03-18 10:40:00,strong_sell,82794.0,81138.12,86933.7
2025-03-18 10:45:00,strong_sell,82794.0,81138.12,86933.7
2025-03-18 10:50:00,strong_sell,82747.0,81092.06,86884.35
2025-03-18 10:55:00,strong_sell,82782.7,81127.046,86921.835
2025-03-18 11:00:00,strong_buy,82730.1,81075.498,86866.60500000001
2025-03-18 11:05:00,strong_buy,82650.0,80997.0,86782.5
2025-03-18 11:10:00,strong_sell,82746.9,81091.962,86884.245
2025-03-18 11:15:00,strong_buy,82679.8,81026.204,86813.79000000001
2025-03-18 11:20:00,strong_buy,82724.2,81069.716,86860.41
2025-03-18 11:25:00,strong_buy,82666.5,81013.17,86799.825
2025-03-18 11:30:00,strong_buy,82561.5,80910.27,86689.575
2025-03-18 11:35:00,strong_sell,82548.7,80897.726,86676.135
2025-03-18 11:40:00,strong_sell,82516.0,80865.68,86641.8
2025-03-18 11:45:00,strong_sell,82572.4,80920.95199999999,86701.02
2025-03-18 11:50:00,strong_sell,82505.0,80854.9,86630.25
2025-03-18 11:55:00,strong_sell,82550.0,80899.0,86677.5
2025-03-18 12:00:00,strong_sell,82594.4,80942.51199999999,86724.12
2025-03-18 12:05:00,strong_buy,82500.0,80850.0,86625.0
2025-03-18 12:10:00,strong_sell,82516.7,80866.366,86642.535
2025-03-18 12:15:00,strong_sell,82608.8,80956.624,86739.24
2025-03-18 12:20:00,strong_buy,82716.8,81062.464,86852.64000000001
2025-03-18 12:25:00,strong_buy,82569.0,80917.62,86697.45
2025-03-18 12:30:00,strong_buy,82433.0,80784.34,86554.65000000001
2025-03-18 12:35:00,strong_buy,82460.1,80810.898,86583.10500000001
2025-03-18 12:40:00,strong_buy,82508.0,80857.84,86633.40000000001
2025-03-18 12:45:00,strong_buy,82459.3,80810.114,86582.26500000001
2025-03-18 12:50:00,strong_buy,82437.8,80789.044,86559.69
2025-03-18 12:55:00,strong_sell,82361.9,80714.662,86479.995
2025-03-18 13:00:00,strong_sell,82325.9,80679.382,86442.19499999999
2025-03-18 13:05:00,strong_sell,82347.9,80700.942,86465.295
2025-03-18 13:10:00,strong_sell,82286.4,80640.67199999999,86400.72
2025-03-18 13:15:00,strong_buy,82380.3,80732.694,86499.315
2025-03-18 13:20:00,strong_sell,82291.8,80645.964,86406.39000000001
2025-03-18 13:25:00,strong_sell,82343.1,80696.238,86460.255
2025-03-18 13:30:00,strong_sell,82085.7,80443.98599999999,86189.985
2025-03-18 13:35:00,strong_buy,81652.1,80019.058,85734.70500000002
2025-03-18 13:40:00,strong_buy,81376.0,79748.48,85444.8
2025-03-18 13:45:00,strong_buy,81376.3,79748.774,85445.115
2025-03-18 13:50:00,strong_buy,81424.5,79796.01,85495.725
2025-03-18 13:55:00,strong_buy,81331.0,79704.38,85397.55
2025-03-18 14:00:00,strong_buy,81345.6,79718.68800000001,85412.88
2025-03-18 14:05:00,strong_buy,81497.6,79867.648,85572.48000000001
2025-03-18 14:10:00,strong_buy,81239.8,79615.004,85301.79000000001
2025-03-18 14:15:00,strong_buy,81183.1,79559.43800000001,85242.255
2025-03-18 14:20:00,strong_buy,81418.8,79790.424,85489.74
2025-03-18 14:25:00,strong_buy,81585.8,79954.084,85665.09000000001
2025-03-18 14:30:00,strong_sell,81651.4,80018.37199999999,85733.97
2025-03-18 14:35:00,strong_buy,81824.4,80187.912,85915.62
2025-03-18 14:40:00,strong_buy,81653.3,80020.234,85735.96500000001
2025-03-18 14:45:00,strong_buy,81523.4,79892.93199999999,85599.56999999999
2025-03-18 14:50:00,strong_buy,81754.3,80119.214,85842.015
2025-03-18 14:55:00,strong_buy,81810.6,80174.388,85901.13
2025-03-18 15:00:00,strong_buy,81645.3,80012.394,85727.565
2025-03-18 15:05:00,strong_buy,81569.1,79937.71800000001,85647.55500000001
2025-03-18 15:10:00,strong_buy,81733.5,80098.83,85820.175
2025-03-18 15:15:00,strong_buy,81617.9,79985.54199999999,85698.795
2025-03-18 15:20:00,strong_buy,81662.1,80028.85800000001,85745.20500000002
2025-03-18 15:25:00,strong_buy,81795.1,80159.198,85884.85500000001
2025-03-18 15:30:00,strong_buy,81889.0,80251.22,85983.45
2025-03-18 15:35:00,strong_buy,82098.9,80456.92199999999,86203.845
2025-03-18 15:40:00,strong_buy,81835.3,80198.594,85927.065
2025-03-18 15:45:00,strong_buy,81700.0,80066.0,85785.0
2025-03-18 15:50:00,strong_buy,81591.1,79959.278,85670.65500000001
2025-03-18 15:55:00,strong_buy,81567.9,79936.54199999999,85646.295
2025-03-18 16:00:00,strong_buy,81607.9,79975.742,85688.295
2025-03-18 16:05:00,strong_buy,81501.4,79871.37199999999,85576.47
2025-03-18 16:10:00,strong_sell,81800.0,80164.0,85890.0
2025-03-18 16:15:00,strong_buy,81650.3,80017.294,85732.815
2025-03-18 16:20:00,strong_buy,81800.0,80164.0,85890.0
2025-03-18 16:25:00,strong_buy,82070.0,80428.59999999999,86173.5
2025-03-18 16:30:00,strong_buy,81952.5,80313.45,86050.125
2025-03-18 16:35:00,strong_buy,81895.8,80257.884,85990.59000000001
2025-03-18 16:40:00,strong_buy,81658.1,80024.93800000001,85741.005
2025-03-18 16:45:00,strong_buy,81586.3,79954.57400000001,85665.615
2025-03-18 16:50:00,strong_buy,81678.3,80044.734,85762.21500000001
2025-03-18 16:55:00,strong_sell,81822.2,80185.756,85913.31
2025-03-18 17:00:00,strong_buy,81834.5,80197.81,85926.225
2025-03-18 17:05:00,strong_buy,81580.2,79948.59599999999,85659.21
2025-03-18 17:10:00,strong_sell,81700.0,80066.0,85785.0
2025-03-18 17:15:00,strong_sell,81565.2,79933.896,85643.46
2025-03-18 17:20:00,strong_sell,81609.7,79977.506,85690.185
2025-03-18 17:25:00,strong_sell,81566.1,79934.778,85644.40500000001
2025-03-18 17:30:00,strong_sell,81449.6,79820.60800000001,85522.08000000002
2025-03-18 17:35:00,strong_sell,81787.4,80151.65199999999,85876.77
2025-03-18 17:40:00,strong_sell,81650.1,80017.098,85732.60500000001
2025-03-18 17:45:00,strong_sell,81518.6,79888.228,85594.53000000001
2025-03-18 17:50:00,strong_sell,81516.6,79886.26800000001,85592.43000000001
2025-03-18 17:55:00,strong_sell,81428.9,79800.322,85500.345
2025-03-18 18:00:00,strong_sell,81340.9,79714.082,85407.94499999999
2025-03-18 18:05:00,strong_sell,81435.0,79806.3,85506.75
2025-03-18 18:10:00,strong_sell,81381.6,79753.96800000001,85450.68000000001
2025-03-18 18:15:00,strong_sell,81534.3,79903.614,85611.015
2025-03-18 18:20:00,strong_sell,81491.1,79861.278,85565.65500000001
2025-03-18 18:25:00,strong_sell,81322.1,79695.65800000001,85388.20500000002
2025-03-18 18:30:00,strong_sell,81314.9,79688.602,85380.645
2025-03-18 18:35:00,strong_sell,81461.5,79832.27,85534.575
2025-03-18 18:40:00,strong_sell,81571.1,79939.678,85649.65500000001
2025-03-18 18:45:00,strong_buy,81771.8,80136.364,85860.39
2025-03-18 18:50:00,strong_buy,81766.2,80130.87599999999,85854.51
2025-03-18 18:55:00,strong_buy,81848.9,80211.92199999999,85941.345
2025-03-18 19:00:00,strong_buy,81832.1,80195.458,85923.70500000002
2025-03-18 19:05:00,strong_buy,81810.0,80173.8,85900.5
2025-03-18 19:10:00,strong_buy,81898.0,80260.04,85992.90000000001
2025-03-18 19:15:00,strong_buy,81970.0,80330.59999999999,86068.5
2025-03-18 19:20:00,strong_buy,81949.9,80310.90199999999,86047.395
2025-03-18 19:25:00,strong_buy,81861.1,80223.87800000001,85954.15500000001
2025-03-18 19:30:00,strong_buy,81967.4,80328.052,86065.77
2025-03-18 19:35:00,strong_buy,81970.7,80331.286,86069.235
2025-03-18 19:40:00,strong_buy,81994.4,80354.51199999999,86094.12
2025-03-18 19:45:00,strong_buy,81999.9,80359.90199999999,86099.895
2025-03-18 19:50:00,strong_buy,82141.9,80499.06199999999,86248.995
2025-03-18 19:55:00,strong_buy,82284.1,80638.418,86398.30500000001
2025-03-18 20:00:00,strong_buy,82251.3,80606.274,86363.865
2025-03-18 20:05:00,strong_buy,82201.8,80557.764,86311.89000000001
2025-03-18 20:10:00,strong_buy,82076.1,80434.57800000001,86179.90500000001
2025-03-18 20:15:00,strong_buy,82067.9,80426.54199999999,86171.295
2025-03-18 20:20:00,strong_buy,82042.1,80401.258,86144.20500000002
2025-03-18 20:25:00,strong_buy,81985.0,80345.3,86084.25
2025-03-18 20:30:00,strong_sell,81953.8,80314.724,86051.49
2025-03-18 20:35:00,strong_sell,81893.4,80255.53199999999,85988.06999999999
2025-03-18 20:40:00,strong_sell,81913.6,80275.32800000001,86009.28000000001
2025-03-18 20:45:00,strong_sell,81931.2,80292.576,86027.76
2025-03-18 20:50:00,strong_sell,81982.3,80342.654,86081.41500000001
2025-03-18 20:55:00,strong_sell,82011.8,80371.564,86112.39000000001
2025-03-18 21:00:00,strong_sell,82000.0,80360.0,86100.0
2025-03-18 21:05:00,strong_sell,82043.7,80402.826,86145.885
2025-03-18 21:10:00,strong_sell,82142.8,80499.944,86249.94
2025-03-18 21:15:00,strong_sell,82151.0,80507.98,86258.55
2025-03-18 21:20:00,strong_sell,82034.0,80393.31999999999,86135.7
2025-03-18 21:25:00,strong_sell,82080.0,80438.4,86184.0
2025-03-18 21:30:00,strong_sell,81999.5,80359.51,86099.475
2025-03-18 21:35:00,strong_sell,81992.2,80352.356,86091.81
2025-03-18 21:40:00,strong_sell,81952.9,80313.84199999999,86050.545
2025-03-18 21:45:00,strong_sell,81955.1,80315.998,86052.85500000001
2025-03-18 21:50:00,strong_sell,82014.0,80373.72,86114.7
2025-03-18 21:55:00,strong_sell,82015.9,80375.582,86116.69499999999
2025-03-18 22:00:00,strong_sell,82148.9,80505.92199999999,86256.345
2025-03-18 22:05:00,strong_sell,82076.2,80434.67599999999,86180.01
2025-03-18 22:10:00,strong_sell,82228.3,80583.734,86339.71500000001
2025-03-18 22:15:00,strong_buy,82197.0,80553.06,86306.85
2025-03-18 22:20:00,strong_buy,82299.9,80653.90199999999,86414.895
2025-03-18 22:25:00,strong_buy,82219.7,80575.306,86330.685
2025-03-18 22:30:00,strong_buy,82276.8,80631.264,86390.64000000001
2025-03-18 22:35:00,strong_buy,82191.8,80547.964,86301.39000000001
2025-03-18 22:40:00,strong_buy,82244.0,80599.12,86356.2
2025-03-18 22:45:00,strong_buy,82294.1,80648.21800000001,86408.80500000001
2025-03-18 22:50:00,strong_buy,82454.9,80805.802,86577.645
2025-03-18 22:55:00,strong_buy,82350.0,80703.0,86467.5
2025-03-18 23:00:00,strong_buy,82442.6,80793.748,86564.73000000001
2025-03-18 23:05:00,strong_buy,82466.6,80817.26800000001,86589.93000000001
2025-03-18 23:10:00,strong_buy,82539.4,80888.612,86666.37
2025-03-18 23:15:00,strong_buy,82592.2,80940.356,86721.81
2025-03-18 23:20:00,strong_buy,82667.9,81014.54199999999,86801.295
2025-03-18 23:25:00,strong_buy,82734.4,81079.712,86871.12
2025-03-18 23:30:00,strong_buy,82649.7,80996.70599999999,86782.185
2025-03-18 23:35:00,strong_buy,82570.0,80918.59999999999,86698.5
2025-03-18 23:40:00,strong_buy,82612.6,80960.348,86743.23000000001
2025-03-18 23:45:00,strong_buy,82627.5,80974.95,86758.875
2025-03-18 23:50:00,strong_buy,82744.9,81090.002,86882.145
2025-03-18 23:55:00,strong_buy,82667.0,81013.66,86800.35
2025-03-19 00:00:00,strong_buy,82614.2,80961.916,86744.91
2025-03-19 00:05:00,strong_sell,82670.0,81016.59999999999,86803.5
2025-03-19 00:10:00,strong_sell,82687.6,81033.848,86821.98000000001
2025-03-19 00:15:00,strong_sell,82742.4,81087.552,86879.52
2025-03-19 00:20:00,strong_sell,82789.2,81133.416,86928.66
2025-03-19 00:25:00,strong_sell,82880.1,81222.498,87024.10500000001
2025-03-19 00:30:00,strong_buy,83006.2,81346.076,87156.51
2025-03-19 00:35:00,strong_buy,82999.7,81339.70599999999,87149.685
2025-03-19 00:40:00,strong_buy,82940.9,81282.082,87087.94499999999
2025-03-19 00:45:00,strong_buy,83097.7,81435.746,87252.585
2025-03-19 00:50:00,strong_buy,83080.0,81418.4,87234.0
2025-03-19 00:55:00,strong_buy,83070.0,81408.59999999999,87223.5
2025-03-19 01:00:00,strong_buy,82985.0,81325.3,87134.25
2025-03-19 01:05:00,strong_buy,82899.8,81241.804,87044.79000000001
2025-03-19 01:10:00,strong_sell,82828.1,81171.538,86969.505
2025-03-19 01:15:00,strong_sell,82808.8,81152.624,86949.24
2025-03-19 01:20:00,strong_sell,82820.0,81163.59999999999,86961.0
2025-03-19 01:25:00,strong_sell,82805.2,81149.09599999999,86945.46
2025-03-19 01:30:00,strong_sell,82838.6,81181.82800000001,86980.53000000001
2025-03-19 01:35:00,strong_sell,82835.9,81179.18199999999,86977.69499999999
2025-03-19 01:40:00,strong_sell,82860.0,81202.8,87003.0
2025-03-19 01:45:00,strong_sell,82911.2,81252.976,87056.76
2025-03-19 01:50:00,strong_sell,82850.0,81193.0,86992.5
2025-03-19 01:55:00,strong_sell,82565.1,80913.79800000001,86693.35500000001
2025-03-19 02:00:00,strong_sell,82631.4,80978.772,86762.97
2025-03-19 02:05:00,strong_sell,82658.6,81005.428,86791.53000000001
2025-03-19 02:10:00,strong_sell,82715.5,81061.19,86851.27500000001
2025-03-19 02:15:00,strong_sell,82726.5,81071.97,86862.825
2025-03-19 02:20:00,strong_sell,82647.0,80994.06,86779.35
2025-03-19 02:25:00,strong_sell,82668.9,81015.522,86802.345
2025-03-19 02:30:00,strong_sell,82667.3,81013.954,86800.66500000001
2025-03-19 02:35:00,strong_sell,82761.0,81105.78,86899.05
2025-03-19 02:40:00,strong_sell,82782.7,81127.046,86921.835
2025-03-19 02:45:00,strong_sell,82737.2,81082.45599999999,86874.06
2025-03-19 02:50:00,strong_sell,82771.3,81115.874,86909.865
2025-03-19 02:55:00,strong_sell,82830.5,81173.89,86972.02500000001
2025-03-19 03:00:00,strong_buy,82910.7,81252.48599999999,87056.235
2025-03-19 03:05:00,strong_buy,82888.9,81231.12199999999,87033.345
2025-03-19 03:10:00,strong_buy,82905.0,81246.9,87050.25
2025-03-19 03:15:00,strong_buy,82857.9,81200.742,87000.795
2025-03-19 03:20:00,strong_buy,82741.5,81086.67,86878.575
2025-03-19 03:25:00,strong_buy,82760.0,81104.8,86898.0
2025-03-19 03:30:00,strong_buy,82881.6,81223.96800000001,87025.68000000001
2025-03-19 03:35:00,strong_buy,82865.3,81207.994,87008.565
2025-03-19 03:40:00,strong_buy,82887.5,81229.75,87031.875
2025-03-19 03:45:00,strong_buy,82824.8,81168.304,86966.04000000001
2025-03-19 03:50:00,strong_buy,82966.0,81306.68,87114.3
2025-03-19 03:55:00,strong_buy,83005.0,81344.9,87155.25
2025-03-19 04:00:00,strong_buy,82933.9,81275.222,87080.595
2025-03-19 04:05:00,strong_buy,82888.1,81230.338,87032.505
2025-03-19 04:10:00,strong_buy,82886.6,81228.868,87030.93000000001
2025-03-19 04:15:00,strong_buy,82873.7,81216.226,87017.385
2025-03-19 04:20:00,strong_buy,82868.1,81210.738,87011.505
2025-03-19 04:25:00,strong_sell,82794.5,81138.61,86934.225
2025-03-19 04:30:00,strong_sell,82800.0,81144.0,86940.0
2025-03-19 04:35:00,strong_sell,82917.8,81259.444,87063.69
2025-03-19 04:40:00,strong_sell,82936.1,81277.378,87082.90500000001
2025-03-19 04:45:00,strong_sell,82919.5,81261.11,87065.475
2025-03-19 04:50:00,strong_sell,82919.8,81261.404,87065.79000000001
2025-03-19 04:55:00,strong_buy,82923.0,81264.54,87069.15000000001
2025-03-19 05:00:00,strong_buy,82928.0,81269.44,87074.40000000001
2025-03-19 05:05:00,strong_buy,82957.5,81298.34999999999,87105.375
2025-03-19 05:10:00,strong_buy,82873.8,81216.32400000001,87017.49
2025-03-19 05:15:00,strong_sell,82959.2,81300.01599999999,87107.16
2025-03-19 05:20:00,strong_buy,83000.0,81340.0,87150.0
2025-03-19 05:25:00,strong_buy,83000.0,81340.0,87150.0
2025-03-19 05:30:00,strong_buy,83073.6,81412.128,87227.28000000001
2025-03-19 05:35:00,strong_buy,83154.2,81491.116,87311.91
2025-03-19 05:40:00,strong_buy,83112.6,81450.348,87268.23000000001
2025-03-19 05:45:00,strong_buy,83111.1,81448.878,87266.65500000001
2025-03-19 05:50:00,strong_buy,83234.0,81569.31999999999,87395.7
2025-03-19 05:55:00,strong_buy,83202.8,81538.744,87362.94
2025-03-19 06:00:00,strong_buy,83145.7,81482.786,87302.985
2025-03-19 06:05:00,strong_buy,83165.8,81502.484,87324.09000000001
2025-03-19 06:10:00,strong_buy,83252.8,81587.744,87415.44
2025-03-19 06:15:00,strong_buy,83284.8,81619.104,87449.04000000001
2025-03-19 06:20:00,strong_buy,83193.6,81529.728,87353.28000000001
2025-03-19 06:25:00,strong_buy,83146.1,81483.178,87303.40500000001
2025-03-19 06:30:00,strong_buy,83186.9,81523.162,87346.245
2025-03-19 06:35:00,strong_sell,83174.2,81510.716,87332.91
2025-03-19 06:40:00,strong_sell,83150.0,81487.0,87307.5
2025-03-19 06:45:00,strong_sell,83133.8,81471.124,87290.49
2025-03-19 06:50:00,strong_sell,83189.9,81526.102,87349.395
2025-03-19 06:55:00,strong_sell,83162.7,81499.446,87320.835
2025-03-19 07:00:00,strong_sell,83147.5,81484.55,87304.875
2025-03-19 07:05:00,strong_sell,83112.1,81449.85800000001,87267.70500000002
2025-03-19 07:10:00,strong_sell,83101.9,81439.862,87256.995
2025-03-19 07:15:00,strong_sell,83134.2,81471.51599999999,87290.91
2025-03-19 07:20:00,strong_sell,83236.4,81571.67199999999,87398.22
2025-03-19 07:25:00,strong_sell,83265.0,81599.7,87428.25
2025-03-19 07:30:00,strong_sell,83250.0,81585.0,87412.5
2025-03-19 07:35:00,strong_sell,83130.0,81467.4,87286.5
2025-03-19 07:40:00,strong_sell,83143.6,81480.728,87300.78000000001
2025-03-19 07:45:00,strong_sell,83142.2,81479.356,87299.31
2025-03-19 07:50:00,strong_sell,83132.0,81469.36,87288.6
2025-03-19 07:55:00,strong_sell,83135.9,81473.18199999999,87292.69499999999
2025-03-19 08:00:00,strong_sell,83193.2,81529.336,87352.86
2025-03-19 08:05:00,strong_sell,83274.8,81609.304,87438.54000000001
2025-03-19 08:10:00,strong_sell,83325.0,81658.5,87491.25
2025-03-19 08:15:00,strong_buy,83278.2,81612.636,87442.11
2025-03-19 08:20:00,strong_buy,83290.8,81624.984,87455.34000000001
2025-03-19 08:25:00,strong_buy,83379.4,81711.81199999999,87548.37
2025-03-19 08:30:00,strong_buy,83374.5,81707.01,87543.225
2025-03-19 08:35:00,strong_buy,83389.6,81721.808,87559.08000000002
2025-03-19 08:40:00,strong_buy,83352.3,81685.254,87519.91500000001
2025-03-19 08:45:00,strong_buy,83439.9,81771.102,87611.895
2025-03-19 08:50:00,strong_buy,83407.2,81739.056,87577.56
2025-03-19 08:55:00,strong_buy,83373.6,81706.128,87542.28000000001
2025-03-19 09:00:00,strong_buy,83341.3,81674.474,87508.365
2025-03-19 09:05:00,strong_buy,83449.9,81780.90199999999,87622.395
2025-03-19 09:10:00,strong_buy,83396.2,81728.276,87566.01
2025-03-19 09:15:00,strong_buy,83458.1,81788.93800000001,87631.005
2025-03-19 09:20:00,strong_buy,83480.5,81810.89,87654.52500000001
2025-03-19 09:25:00,strong_buy,83512.9,81842.64199999999,87688.545
2025-03-19 09:30:00,strong_buy,83467.4,81798.052,87640.77
2025-03-19 09:35:00,strong_buy,83509.9,81839.70199999999,87685.395
2025-03-19 09:40:00,strong_buy,83390.5,81722.69,87560.02500000001
2025-03-19 09:45:00,strong_sell,83404.6,81736.508,87574.83000000002
2025-03-19 09:50:00,strong_sell,83439.9,81771.102,87611.895
2025-03-19 09:55:00,strong_sell,83485.3,81815.594,87659.565
2025-03-19 10:00:00,strong_sell,83617.3,81944.954,87798.16500000001
2025-03-19 10:05:00,strong_buy,83493.9,81824.022,87668.595
2025-03-19 10:10:00,strong_buy,83433.0,81764.34,87604.65000000001
2025-03-19 10:15:00,strong_sell,83505.9,81835.78199999999,87681.19499999999
2025-03-19 10:20:00,strong_sell,83487.4,81817.65199999999,87661.77
2025-03-19 10:25:00,strong_sell,83497.9,81827.942,87672.795
2025-03-19 10:30:00,strong_sell,83728.5,82053.93,87914.925
2025-03-19 10:35:00,strong_buy,83555.0,81883.9,87732.75
2025-03-19 10:40:00,strong_buy,83528.0,81857.44,87704.40000000001
2025-03-19 10:45:00,strong_sell,83536.0,81865.28,87712.8
2025-03-19 10:50:00,strong_sell,83530.1,81859.498,87706.60500000001
2025-03-19 10:55:00,strong_sell,83427.9,81759.34199999999,87599.295
2025-03-19 11:00:00,strong_sell,83351.5,81684.47,87519.075
2025-03-19 11:05:00,strong_sell,83459.6,81790.40800000001,87632.58000000002
2025-03-19 11:10:00,strong_sell,83643.6,81970.728,87825.78000000001
2025-03-19 11:15:00,strong_sell,83769.7,82094.306,87958.185
2025-03-19 11:20:00,strong_buy,83813.7,82137.42599999999,88004.385
2025-03-19 11:25:00,strong_buy,83727.8,82053.244,87914.19
2025-03-19 11:30:00,strong_buy,83843.1,82166.238,88035.255
2025-03-19 11:35:00,strong_buy,83990.0,82310.2,88189.5
2025-03-19 11:40:00,strong_buy,83968.2,82288.836,88166.61
2025-03-19 11:45:00,strong_buy,83850.5,82173.49,88043.02500000001
2025-03-19 11:50:00,strong_buy,83827.6,82151.04800000001,88018.98000000001
2025-03-19 11:55:00,strong_buy,83848.4,82171.43199999999,88040.81999999999
2025-03-19 12:00:00,strong_buy,83713.5,82039.23,87899.175
2025-03-19 12:05:00,strong_buy,83698.8,82024.82400000001,87883.74
2025-03-19 12:10:00,strong_sell,83724.9,82050.40199999999,87911.145
2025-03-19 12:15:00,strong_sell,83669.5,81996.11,87852.975
2025-03-19 12:20:00,strong_sell,83592.6,81920.748,87772.23000000001
2025-03-19 12:25:00,strong_sell,83609.9,81937.70199999999,87790.395
2025-03-19 12:30:00,strong_sell,83691.1,82017.278,87875.65500000001
2025-03-19 12:35:00,strong_sell,83537.2,81866.45599999999,87714.06
2025-03-19 12:40:00,strong_sell,83619.9,81947.502,87800.895
2025-03-19 12:45:00,strong_sell,83559.8,81888.604,87737.79000000001
2025-03-19 12:50:00,strong_sell,83580.0,81908.4,87759.0
2025-03-19 12:55:00,strong_sell,83705.1,82030.998,87890.35500000001
2025-03-19 13:00:00,strong_sell,83681.5,82007.87,87865.575
2025-03-19 13:05:00,strong_sell,83804.9,82128.802,87995.145
2025-03-19 13:10:00,strong_sell,83880.8,82203.18400000001,88074.84000000001
2025-03-19 13:15:00,strong_buy,84243.0,82558.14,88455.15000000001
2025-03-19 13:20:00,strong_buy,83949.6,82270.60800000001,88147.08000000002
2025-03-19 13:25:00,strong_buy,83900.8,82222.784,88095.84000000001
2025-03-19 13:30:00,strong_buy,83670.2,81996.796,87853.71
2025-03-19 13:35:00,strong_buy,83780.0,82104.4,87969.0
2025-03-19 13:40:00,strong_buy,83907.9,82229.742,88103.295
2025-03-19 13:45:00,strong_buy,84152.8,82469.744,88360.44
2025-03-19 13:50:00,strong_buy,84224.8,82540.304,88436.04000000001
2025-03-19 13:55:00,strong_buy,84050.0,82369.0,88252.5
2025-03-19 14:00:00,strong_buy,84324.5,82638.01,88540.725
2025-03-19 14:05:00,strong_buy,84260.3,82575.094,88473.315
2025-03-19 14:10:00,strong_buy,84066.2,82384.87599999999,88269.51
2025-03-19 14:15:00,strong_buy,84257.7,82572.546,88470.585
2025-03-19 14:20:00,strong_buy,84090.6,82408.788,88295.13
2025-03-19 14:25:00,strong_buy,83919.0,82240.62,88114.95
2025-03-19 14:30:00,strong_sell,83979.4,82299.81199999999,88178.37
2025-03-19 14:35:00,strong_sell,84121.5,82439.06999999999,88327.575
2025-03-19 14:40:00,strong_sell,84154.9,82471.802,88362.645
2025-03-19 14:45:00,strong_sell,84173.7,82490.226,88382.385
2025-03-19 14:50:00,strong_sell,84179.0,82495.42,88387.95
